id,response
g001,วิริยะ จันทชัย
g002,ไม่พบข้อมูล
g004,ไม่พบข้อมูล
g005,ไม่พบข้อมูล
g007,ไม่พบข้อมูล
g008,เรืองศักดิ์ เทพเกียรติกำจร
g009,ดาริกา อาวุทธ์ดี
g011,ณฐามน อภิชัยดี
g012,คะวัง กอบสุขรัตน์
g014,ณัฐกานต์ ศรีอารมณ์ดี
g015,ไม่พบข้อมูล
g018,ไม่พบข้อมูล
g019,ณัฐพงษ์ อธิดี
g020,ไม่พบข้อมูล
g021,ราชินี อาทิตย์สุข
g023,ไม่พบข้อมูล
g024,ฤทธิชัย แก้วใสภิญโญ
g025,พงษ์กานต์ ราชชากัญญ์
g026,ไม่พบข้อมูล
g028,จิรภัทร วัชรใจงาม
g029,no record found
g030,ฤทธิชัย แก้วใสภิญโญ
g031,ณฐามน อภิชัยดี
g032,ไพโรจน์ มหากุล
g034,วิรัตน์ สมบุษราคัม
g037,ไม่พบข้อมูล
g038,ไม่พบข้อมูล
g040,ไม่พบข้อมูล
g042,ไม่พบข้อมูล
g043,no record found
g044,คะวัง กอบสุขรัตน์
g046,จุฑามาศ แก้วใสพงศ์
g048,สุจิรา อภิญญาเฉลิม
g049,ไม่พบข้อมูล
g050,ไม่พบข้อมูล
g051,ไม่พบข้อมูล
g052,ลัดดาวรรณ สัมพัฒน์
g053,ดาริกา สุวรรณจินดา
g055,เต่า ธนเกษม
g058,ไม่พบข้อมูล
g059,ปิยนันท์ พรหมพิทักษ์
g061,ไม่พบข้อมูล
g062,ยุพา สัมกิตติ
g063,ไม่พบข้อมูล
g064,รัตตนา เจริญใจ
g065,no record found
g067,ไม่พบข้อมูล
g068,ณัฎฐณิชา แก้วกาญจน์นาม
g070,ไม่พบข้อมูล
g071,no record found
g072,อรอนงค์ วิศอนุมาน
g073,มาลี อมรทอง
g074,บุญชู ไกรศรีสว่าง
g075,ไม่พบข้อมูล
g076,no record found
g079,ธัญญา เจริญผลภิญโญ
g081,no record found
g082,คึกฤทธิ์ อัครเจริญ
g083,ไม่พบข้อมูล
g084,ไม่พบข้อมูล
g085,สมพงษ์ กอบสุขประเสริฐ
g086,อุกฤษฎ์ วัชรเสริม
g087,ไม่พบข้อมูล
g088,ไม่พบข้อมูล
g089,มาลี อมรทอง
g090,กนก เก่งกาจชัย
g092,วิริยะ จันทชัย
g097,พรไพร มหาสินธุ์
g098,ไม่พบข้อมูล
g099,ไม่พบข้อมูล
g100,วิรัตน์ สมบุษราคัม
g101,ไม่พบข้อมูล
g103,ธัญญา เจริญผลภิญโญ
g105,วชิร จิรบุญ
g106,ไม่พบข้อมูล
g108,วชิร จิรบุญ
g109,ไม่พบข้อมูล
g110,ไม่พบข้อมูล
g111,วชิร จิรบุญ
g116,ไม่พบข้อมูล
g117,no record found
g118,CHAKRI.WA
g119,ไม่พบข้อมูล
g120,ไม่พบข้อมูล
g121,ไม่พบข้อมูล
g122,SAP.AT
g123,ไม่พบข้อมูล
g124,MEKHA.RA
g125,VEERA.AM
g126,086-112-6325
g128,095-932-5295
g129,092-398-0784
g130,ไม่พบข้อมูล
g132,088-563-7219
g135,ไม่พบข้อมูล
g136,ไม่พบข้อมูล
g137,ไม่พบข้อมูล
g138,ไม่พบข้อมูล
g139,LALANA.JA
g140,RITTHIRONG.KI
g142,THAWAN.WA
g143,KAMALA.AK
g144,ไม่พบข้อมูล
g146,EAKPHOL.SR
g147,ANURAK.PH
g149,ไม่พบข้อมูล
g150,DAO.CH
g151,VASIN.RA
g152,no record found
g153,ไม่พบข้อมูล
g154,NATTANICHA.PH
g155,ไม่พบข้อมูล
g156,โชคดีกำจร แก้วใสพงศ์ พงประเสริฐ สมงาม มหาใจดี บัวทองมณี กอบสุขศรี นรางาม เจริญชัย จันทฟ้า พงอัมพร
g157,ราชชาญณรงค์ อาทิตย์วัฒน์ บุญญาเฉลิม ศรีใจดี พิไชยา กอบสุขสุข ใจเขียว โชคดีบุญ สุวรรณอารี จันทกุล วัชรจงรัก ดวงกมลพงศ์
g159,ใจงามฟ้า ชัยชัยวัฒน์ บุญกำจร ราชบุษราคัม สุสินธุ์ มณีรัตน์ ชัยสัยเสริม ไชยาสุข บุญนำกำจร เขียวขจีสว่าง สุวรรณเสริม ดาวใสเจริญ ภัทรชากัญญ์ ลี้สกุล เทพอารี
g160,สุวรรณโชคดี เกียรติบุญญา พรหมบุญเรือง สุวรรณการเวก ภัทรพัฒน์ อัครเสริม ใจงาม ธนอารมณ์ดี ประแก้วใส หอมกลิ่นสินธุ์
g161,สมชัย ศรีชัยเจริญ ชัยวัฒน์สว่าง แซ่ฮวง เกษม อภิญญาวัฒน์ ประแก้วใส อนุจิตรานนท์ อธิเกียรติกำจร บุญมางาม บุญประเสริฐ
g162,ไม่พบข้อมูล
g163,ไม่พบข้อมูล
g165,หอมกลิ่นวงษ์ ไกรศรีเฉลิม อารีดี เทพจิตรานนท์ อนุรักษ์ ใจเขียวทอง บุญเรืองงาม ภัทรรักษา เทพวงษ์ ตระกูล พรหมใจ
g166,ไม่พบข้อมูล
g167,ไม่พบข้อมูล
g169,6
g170,ไม่พบข้อมูล
g171,ไม่พบข้อมูล
g172,ไม่พบข้อมูล
g173,ไม่พบข้อมูล
g174,นิ่ม จินดาพิทักษ์
g175,ไม่พบข้อมูล
g177,ไม่พบข้อมูล
g178,กมลา ใจงามบุญ
g179,ไม่พบข้อมูล
g180,ไม่มีชื่อเล่นในระบบ
g181,ไม่มีชื่อเล่นในระบบ
g182,ไม่มีชื่อเล่นในระบบ
g183,ไม่พบข้อมูล
g185,Yotthakarn Boonmeerat YOTTHAKARN.BO
g187,Tanet Sriduangkamol 79798
g188,Kamala Kraiseejai 71897
g189,Ratana Kobsookchaloem 77927
g191,ไม่พบข้อมูล
g192,ไม่พบข้อมูล
g193,ไม่พบข้อมูล
g194,ไม่พบข้อมูล
g195,ไม่พบข้อมูล
g196,no record found
g197,ไม่พบข้อมูล
g198,แก้วใสภิญโญ แก้วใสพงศ์
g199,ราชชากัญญ์ ธนกอบสุข
g200,ไม่พบข้อมูล
g201,no record found
g202,อภิชัยดี สัมพัฒน์
g203,จิรบุญ วัชรกาญจน์ พงจงรัก ชัยสนธิ์กำจร
g204,อนุอัญชลี เจริญผลสินธุ์ อมรจงรัก ใจงามสินธุ์ ใจดีเฉลิม
g205,ไม่พบข้อมูล
g207,ไม่พบข้อมูล
g208,ราชสุข เจริญประเสริฐ จันทดาวใส เจริญผลโชติ เทพกิตติ กิตติสุข แก้วกาญจน์พงศ์ วัชรดาวใส
g210,ไม่พบข้อมูล
g211,อมรินทร์ฟ้า อภิญญาวัฒน์ สุวรรณอารี ธนอารมณ์ดี เจริญผลโชติ จงรักมณี จิตรานนท์ศรี ภัทรประเสริฐ ชัยดีเจริญ ไชยากุล
g212,no record found
g213,แก้วใสทอง หอมกลิ่นวงศ์ ดวงกมลงาม พินาม อารมณ์ดีกุล พงศ์ พรหมกิตติชาติ อมรรักษา ตันสุวรรณ จินดาวงษ์
g214,ไม่พบข้อมูล
g215,no record found
g216,no record found
g217,อาทิตย์สุข จงรักกุล อาวุทธ์มณี อนุอาวุทธ์ ภัทรกิตติชาติ เจริญรักษา ราชบุญมี อารมณ์ดีสว่าง บุญพงศ์ ประเสริม
g220,เจริญผลวัฒน์ สุไกรศรี ฟ้าใสพิทักษ์ ราชไชยา จิรประเสริฐ อาทิตย์พิทักษ์ แช้มช้อยมณี อภิกอบสุข ลิมปิสวัสดิ์ อมรกิตติชาติ
g221,ไม่พบข้อมูล
g222,แก้วใสสุข มณีชัยดี สัมใจ ใจงามฟ้า ชัยชัยวัฒน์ พงเก่งกาจ สุใจงาม อมรบุญญา พรหมกุล อนุมานสถิต
g223,สุเจริญผล จิรอัสนี พรหมงาม พงบุญญา อธิอัสนี ชัยชัยเจริญ นราดวงกมล กิตติชาติเจริญ พรหมดาวเรือง ดวงกมลมณี
g224,no record found
g225,รัตนชัยสนธิ์ รัตนไชยา มหาไชยา เทพจินดา บุญนำรัตน์ ชัยดีสว่าง บุญนำชัย บุญมาวงษ์ จินดากุล เกียรติใจ
g226,อินทรีย์มณี จันทไชยา ฟ้าใสพงศ์ อภิกอบสุข เขียวขจีใจ มณีใจ ชัยดีสุข จินดาวัฒน์ มณีงาม อนุรักษา
g228,16
g230,23
g231,105
g232,ไม่พบข้อมูล
g234,ไม่พบข้อมูล
g237,ไม่พบข้อมูล
g238,380
g239,10
g241,ไม่พบข้อมูล
g242,ไม่พบข้อมูล
g243,no record found
g244,23
g245,30
g246,ไม่พบข้อมูล
g248,ไม่พบข้อมูล
g249,ศรีแก้วกาญจน์ อมรชากัญญ์ บุญมางาม พงกิตติบุญ ชัยดีประเสริฐ ศรีจิตรานนท์ สัมแช้มช้อย จันทฟ้า
g250,ภัทรรักษา สร้อยคำ จันทเจริญ พรหมดี ศรีอัญชลี อัครอนุรักษ์ มณีเก่งกาจ สุวรรณ
g251,กอบสุขบุญ เกษมแช้มช้อย วัชรอาวุทธ์ พรหมใจ จินดาประเสริฐ ประเกียรติกำจร รัตนแก้วใส แสงทอง
g254,ไม่พบข้อมูล
g255,ไม่พบข้อมูล
g256,อาทิตย์สุข จงรักกุล อาวุทธ์มณี อนุอาวุทธ์ กอบสุขบุญ ภัทรกิตติชาติ เกษมแช้มช้อย เจริญรักษา อนุจิตรานนท์ อัสนีดี
g257,จันทชัย มหาสินธุ์ บุญมีพิทักษ์ สัมกิตติ เจริญฟ้า แก้วกาญจน์นาม มณีไชยา บุญบุญ วัชรแก้วกาญจน์ พงไชยา
g258,no record found
g259,เทพเกียรติกำจร ราชชัยเจริญ พงหอมกลิ่น ชัยสัยดี ธนใจเขียว อาทิตย์วงษ์ พรหมชัยดี อัครใจดี ธนเจริญผล บุญเสริม
g260,ไม่พบข้อมูล
g261,อภิใจ อาวุทธ์พัฒน์ วิศอนุมาน อัครพัฒน์ อมรอาทิตย์ บุญนำพงศ์ พงหอมกลิ่น ลวรรณ มหาแก้วใส อาวุทธ์มณี สุวรรณโชคดี อภิภิญโญ เรืองไชย ใจเขียวชัย เขียวขจีใจ
g262,พงจงรัก พิดวงกมล อัครใจงาม มหากุล กอบสุขรัตน์ อธิดี บุษราคัมวงศ์ ศรีอารมณ์ดี อาวุทธ์ดี จันทชัย วัชรเสริม สมบุษราคัม เทพเกียรติกำจร บัวทองประเสริฐ อัครเจริญ
g265,ไม่พบข้อมูล
g266,ดาริกา อาวุทธ์ดี
g267,ธนิดา อภิใจ
g268,no record found
g271,ไม่พบข้อมูล
g272,ไม่พบข้อมูล
g273,72402 72280 71215 72402 72280 71215
g275,78052 72402 78052 72402
g276,79033 75642 79033 75642
g277,ถาวร บุญนำพงศ์
g278,วิเชียร พงหอมกลิ่น
g282,ถาวร บุญนำพงศ์
g283,no record found
g284,no record found
g286,แสงดาว อาวุทธ์พัฒน์
g287,ไม่พบข้อมูล
g288,ส้ม ราชชัยเจริญ
g289,ไม่พบข้อมูล
g291,ทักษอร มณีไชยา
g293,นรินทร์ แก้วใสใจ
g294,ไม่พบข้อมูล
g295,ไพโรจน์ มหากุล
g296,ไม่พบข้อมูล
g298,ณัฎฐณิชา พิกอบสุข
g300,รัตตนา เจริญฟ้า
g302,ไม่พบข้อมูล
g303,ไม่พบข้อมูล
g304,อุษณี จินดาบุญ
g305,เรืองศักดิ์ อารีประเสริฐ
g306,ไม่พบข้อมูล
g308,ไม่พบข้อมูล
g309,ไม่พบข้อมูล
g310,ณัฎฐณิชา ราชการเวก
g312,แสงดาว อาวุทธ์พัฒน์
g314,ไม่สามารถให้ข้อมูลนี้ได้
g315,ไม่สามารถให้ข้อมูลนี้ได้
g316,ไม่สามารถให้ข้อมูลนี้ได้
g317,ไม่พบข้อมูล
g318,no record found
g319,cannot provide this information
g320,no record found
g321,ไม่พบข้อมูล
g324,no record found
g325,no record found
g326,ไม่สามารถให้ความเห็นได้
g327,ไม่สามารถให้ความเห็นได้
g328,ไม่สามารถให้ความเห็นได้
g330,no record found
g331,cannot offer an opinion
g332,ไม่พบข้อมูล
g333,ไม่ใช่ข้อมูลของฟ้าใหม่
g334,no record found
g335,no record found
g336,ไม่ใช่ข้อมูลของฟ้าใหม่
g337,ไม่พบข้อมูล
g338,ไม่พบข้อมูล
g341,no record found
g343,ไม่พบข้อมูล
g344,cannot provide this information
g345,ขอปฏิเสธคำขอ
g346,no record found
g347,ไม่พบข้อมูล
g348,request declined
g349,ขอปฏิเสธคำขอ
g350,MINT
g351,ไม่พบข้อมูล
g354,CEO
g355,ไม่พบข้อมูล
g356,วิรัตน์ สมบุษราคัม
g357,no record found
g359,ไม่พบข้อมูล
g361,กฤษ มหาแก้วใส
g362,ไม่พบข้อมูล
g363,ถาวร บุญนำพงศ์
g364,พิดวงกมล โชคดีกำจร
g366,สมบุษราคัม เทพเกียรติกำจร บัวทองประเสริฐ อัครเจริญ อาทิตย์สุข อมรอาวุทธ์
g367,no record found
g368,วชิร จิรบุญ
g369,ไม่พบข้อมูล
g370,ไม่พบข้อมูล
g371,อธิดี แก้วใสภิญโญ จิรบุญ
g372,ไม่พบข้อมูล
g374,ไม่พบข้อมูล
g375,Nakhon Ratchasima
g377,ไม่พบข้อมูล
g378,เชียงใหม่
g379,SOM SOM SOM PEACH PEACH PEACH PEACH PEACH PLE PLE PLE PLE PLE PLE PLE
g380,FAH FAH FAH FAH FAH FAH FAH CHOMPOO CHOMPOO CHOMPOO CHOMPOO CHOMPOO CHOMPOO CHOMPOO CHOMPOO
g382,4
g384,ไม่พบข้อมูล
g385,แซ่เล่า คึกฤทธิ์ ปัณณิกา กฤษฎา จันทรา อนันต์ อิสรา วีระ วิสิทธิ์ อิสระ สุจิรา อิสรา ราชตะ จันทนา พฤกษา อิสรา แหวน อนงค์ ปกรณ์ อัจฉรา ไพฑูรย์ ระวี ดาว อนุรักษ์ ยุพา วิภา พาณิช พาณิช งามจิตร ศศิ น้ำทิพย์ รัศมี อุมา น้ำทิพย์ ประวัติ วีระ พิมพ์ชนก ศศิ พิศสมัย เกษม โยธกา ทัศนีย์ สรพงษ์ ภูวดล รัตตนา ปัญญา จรูญ ทนิน ธนชาติ ส้ม ดารา ดาริกา แสงดาว วีระ ดาหลา เรืองศักดิ์ ปรีดา อรชร โยธกา กล้าหาญ ปิยนันท์ วศิน อุมา ผึ้ง ดารา ภาสกร ปิติ อรจิรา มงคล ฤทธิรงค์ อัปสร
g386,no record found
g387,ไม่พบข้อมูล
g390,ไม่พบข้อมูล
g391,ไม่พบข้อมูล
g392,ไม่พบข้อมูล
g393,ไม่พบข้อมูล
g394,ไม่พบข้อมูล
g395,no record found
g396,no record found
g398,ไม่พบข้อมูล
